id,category,amount,day
0,produce,10.0,1
1,bakery,16.0,2
2,dairy,22.0,3
3,meat,28.0,4
4,pantry,34.0,5
5,produce,15.0,6
6,bakery,21.0,7
7,dairy,20.0,8
8,meat,26.0,9
9,pantry,32.0,10
10,produce,13.0,11
11,bakery,19.0,12
12,dairy,25.0,13
13,meat,31.0,14
14,pantry,30.0,15
15,produce,11.0,16
16,bakery,17.0,17
17,dairy,23.0,18
18,meat,29.0,19
19,pantry,35.0,20
20,produce,16.0,1
21,bakery,15.0,2
22,dairy,21.0,3
23,meat,27.0,4
24,pantry,33.0,5
25,produce,14.0,6
26,bakery,20.0,7
27,dairy,26.0,8
28,meat,25.0,9
29,pantry,31.0,10
30,produce,12.0,11
31,bakery,18.0,12
32,dairy,24.0,13
33,meat,30.0,14
34,pantry,36.0,15
35,produce,10.0,16
36,bakery,16.0,17
37,dairy,22.0,18
38,meat,28.0,19
39,pantry,34.0,20
40,produce,15.0,1
41,bakery,21.0,2
42,dairy,20.0,3
43,meat,26.0,4
44,pantry,32.0,5
45,produce,13.0,6
46,bakery,19.0,7
47,dairy,25.0,8
48,meat,31.0,9
49,pantry,30.0,10
50,produce,11.0,11
51,bakery,17.0,12
52,dairy,23.0,13
53,meat,29.0,14
54,pantry,35.0,15
55,produce,16.0,16
56,bakery,15.0,17
57,dairy,21.0,18
58,meat,27.0,19
59,pantry,33.0,20
60,produce,14.0,1
61,bakery,20.0,2
62,dairy,26.0,3
63,meat,25.0,4
64,pantry,31.0,5
65,produce,12.0,6
66,bakery,18.0,7
67,dairy,24.0,8
68,meat,30.0,9
69,pantry,36.0,10
70,produce,10.0,11
71,bakery,16.0,12
72,dairy,22.0,13
73,meat,28.0,14
74,pantry,34.0,15
75,produce,15.0,16
76,bakery,21.0,17
77,dairy,20.0,18
78,meat,26.0,19
79,pantry,32.0,20
80,produce,13.0,1
81,bakery,19.0,2
82,dairy,25.0,3
83,meat,31.0,4
84,pantry,30.0,5
85,produce,11.0,6
86,bakery,17.0,7
87,dairy,23.0,8
88,meat,29.0,9
89,pantry,35.0,10
90,produce,16.0,11
91,bakery,15.0,12
92,dairy,21.0,13
93,meat,27.0,14
94,pantry,33.0,15
95,produce,14.0,16
96,bakery,20.0,17
97,dairy,26.0,18
98,meat,25.0,19
99,pantry,31.0,20
100,produce,12.0,1
101,bakery,18.0,2
102,dairy,24.0,3
103,meat,30.0,4
104,pantry,36.0,5
105,produce,10.0,6
106,bakery,16.0,7
107,dairy,22.0,8
108,meat,28.0,9
109,pantry,34.0,10
110,produce,15.0,11
111,bakery,21.0,12
112,dairy,20.0,13
113,meat,26.0,14
114,pantry,32.0,15
115,produce,13.0,16
116,bakery,19.0,17
117,dairy,25.0,18
118,meat,31.0,19
119,pantry,30.0,20
120,produce,11.0,1
121,bakery,17.0,2
122,dairy,23.0,3
123,meat,29.0,4
124,pantry,35.0,5
125,produce,16.0,6
126,bakery,15.0,7
127,dairy,21.0,8
128,meat,27.0,9
129,pantry,33.0,10
130,produce,14.0,11
131,bakery,20.0,12
132,dairy,26.0,13
133,meat,25.0,14
134,pantry,31.0,15
135,produce,12.0,16
136,bakery,18.0,17
137,dairy,24.0,18
138,meat,30.0,19
139,pantry,36.0,20
140,produce,10.0,1
141,bakery,16.0,2
142,dairy,22.0,3
143,meat,28.0,4
144,pantry,34.0,5
145,produce,15.0,6
146,bakery,21.0,7
147,dairy,20.0,8
148,meat,26.0,9
149,pantry,32.0,10
150,produce,13.0,11
151,bakery,19.0,12
152,dairy,25.0,13
153,meat,31.0,14
154,pantry,30.0,15
155,produce,11.0,16
156,bakery,17.0,17
157,dairy,23.0,18
158,meat,29.0,19
159,pantry,35.0,20
160,produce,16.0,1
161,bakery,15.0,2
162,dairy,21.0,3
163,meat,27.0,4
164,pantry,33.0,5
165,produce,14.0,6
166,bakery,20.0,7
167,dairy,26.0,8
168,meat,25.0,9
169,pantry,31.0,10
170,produce,12.0,11
171,bakery,18.0,12
172,dairy,24.0,13
173,meat,30.0,14
174,pantry,36.0,15
175,produce,10.0,16
176,bakery,16.0,17
177,dairy,22.0,18
178,meat,28.0,19
179,pantry,34.0,20
180,produce,15.0,1
181,bakery,21.0,2
182,dairy,20.0,3
183,meat,26.0,4
184,pantry,32.0,5
185,produce,13.0,6
186,bakery,19.0,7
187,dairy,25.0,8
188,meat,31.0,9
189,pantry,30.0,10
190,produce,11.0,11
191,bakery,17.0,12
192,dairy,23.0,13
193,meat,29.0,14
194,pantry,35.0,15
195,produce,16.0,16
196,bakery,15.0,17
197,dairy,21.0,18
198,meat,27.0,19
199,pantry,33.0,20
200,produce,14.0,1
201,bakery,20.0,2
202,dairy,26.0,3
203,meat,25.0,4
204,pantry,31.0,5
205,produce,12.0,6
206,bakery,18.0,7
207,dairy,24.0,8
208,meat,30.0,9
209,pantry,36.0,10
210,produce,10.0,11
211,bakery,16.0,12
212,dairy,22.0,13
213,meat,28.0,14
214,pantry,34.0,15
215,produce,15.0,16
216,bakery,21.0,17
217,dairy,20.0,18
218,meat,26.0,19
219,pantry,32.0,20
220,produce,13.0,1
221,bakery,19.0,2
222,dairy,25.0,3
223,meat,31.0,4
224,pantry,30.0,5
225,produce,11.0,6
226,bakery,17.0,7
227,dairy,23.0,8
228,meat,29.0,9
229,pantry,35.0,10
230,produce,16.0,11
231,bakery,15.0,12
232,dairy,21.0,13
233,meat,27.0,14
234,pantry,33.0,15
235,produce,14.0,16
236,bakery,20.0,17
237,dairy,26.0,18
238,meat,25.0,19
239,pantry,31.0,20
240,produce,12.0,1
241,bakery,18.0,2
242,dairy,24.0,3
243,meat,30.0,4
244,pantry,36.0,5
245,produce,10.0,6
246,bakery,16.0,7
247,dairy,22.0,8
248,meat,28.0,9
249,pantry,34.0,10
250,produce,15.0,11
251,bakery,21.0,12
252,dairy,20.0,13
253,meat,26.0,14
254,pantry,32.0,15
255,produce,13.0,16
256,bakery,19.0,17
257,dairy,25.0,18
258,meat,31.0,19
259,pantry,30.0,20
260,produce,11.0,1
261,bakery,17.0,2
262,dairy,23.0,3
263,meat,29.0,4
264,pantry,35.0,5
265,produce,16.0,6
266,bakery,15.0,7
267,dairy,21.0,8
268,meat,27.0,9
269,pantry,33.0,10
270,produce,14.0,11
271,bakery,20.0,12
272,dairy,26.0,13
273,meat,25.0,14
274,pantry,31.0,15
275,produce,12.0,16
276,bakery,18.0,17
277,dairy,24.0,18
278,meat,30.0,19
279,pantry,36.0,20
280,produce,10.0,1
281,bakery,16.0,2
282,dairy,22.0,3
283,meat,28.0,4
284,pantry,34.0,5
285,produce,15.0,6
286,bakery,21.0,7
287,dairy,20.0,8
288,meat,26.0,9
289,pantry,32.0,10
290,produce,13.0,11
291,bakery,19.0,12
292,dairy,25.0,13
293,meat,31.0,14
294,pantry,30.0,15
295,produce,11.0,16
296,bakery,17.0,17
297,dairy,23.0,18
298,meat,29.0,19
299,pantry,35.0,20
300,produce,16.0,1
301,bakery,15.0,2
302,dairy,21.0,3
303,meat,27.0,4
304,pantry,33.0,5
305,produce,14.0,6
306,bakery,20.0,7
307,dairy,26.0,8
308,meat,25.0,9
309,pantry,31.0,10
310,produce,12.0,11
311,bakery,18.0,12
312,dairy,24.0,13
313,meat,30.0,14
314,pantry,36.0,15
315,produce,10.0,16
316,bakery,16.0,17
317,dairy,22.0,18
318,meat,28.0,19
319,pantry,34.0,20
320,produce,15.0,1
321,bakery,21.0,2
322,dairy,20.0,3
323,meat,26.0,4
324,pantry,32.0,5
325,produce,13.0,6
326,bakery,19.0,7
327,dairy,25.0,8
328,meat,31.0,9
329,pantry,30.0,10
330,produce,11.0,11
331,bakery,17.0,12
332,dairy,23.0,13
333,meat,29.0,14
334,pantry,35.0,15
335,produce,16.0,16
336,bakery,15.0,17
337,dairy,21.0,18
338,meat,27.0,19
339,pantry,33.0,20
340,produce,14.0,1
341,bakery,20.0,2
342,dairy,26.0,3
343,meat,25.0,4
344,pantry,31.0,5
345,produce,12.0,6
346,bakery,18.0,7
347,dairy,24.0,8
348,meat,30.0,9
349,pantry,36.0,10
350,produce,10.0,11
351,bakery,16.0,12
352,dairy,22.0,13
353,meat,28.0,14
354,pantry,34.0,15
355,produce,15.0,16
356,bakery,21.0,17
357,dairy,20.0,18
358,meat,26.0,19
359,pantry,32.0,20
360,produce,13.0,1
361,bakery,19.0,2
362,dairy,25.0,3
363,meat,31.0,4
364,pantry,30.0,5
365,produce,11.0,6
366,bakery,17.0,7
367,dairy,23.0,8
368,meat,29.0,9
369,pantry,35.0,10
370,produce,16.0,11
371,bakery,15.0,12
372,dairy,21.0,13
373,meat,27.0,14
374,pantry,33.0,15
375,produce,14.0,16
376,bakery,20.0,17
377,dairy,26.0,18
378,meat,25.0,19
379,pantry,31.0,20
380,produce,12.0,1
381,bakery,18.0,2
382,dairy,24.0,3
383,meat,30.0,4
384,pantry,36.0,5
385,produce,10.0,6
386,bakery,16.0,7
387,dairy,22.0,8
388,meat,28.0,9
389,pantry,34.0,10
390,produce,15.0,11
391,bakery,21.0,12
392,dairy,20.0,13
393,meat,26.0,14
394,pantry,32.0,15
395,produce,13.0,16
396,bakery,19.0,17
397,dairy,25.0,18
398,meat,31.0,19
399,pantry,30.0,20
400,produce,11.0,1
401,bakery,17.0,2
402,dairy,23.0,3
403,meat,29.0,4
404,pantry,35.0,5
405,produce,16.0,6
406,bakery,15.0,7
407,dairy,21.0,8
408,meat,27.0,9
409,pantry,33.0,10
410,produce,14.0,11
411,bakery,20.0,12
412,dairy,26.0,13
413,meat,25.0,14
414,pantry,31.0,15
415,produce,12.0,16
416,bakery,18.0,17
417,dairy,24.0,18
418,meat,30.0,19
419,pantry,36.0,20
420,produce,10.0,1
421,bakery,16.0,2
422,dairy,22.0,3
423,meat,28.0,4
424,pantry,34.0,5
425,produce,15.0,6
426,bakery,21.0,7
427,dairy,20.0,8
428,meat,26.0,9
429,pantry,32.0,10
430,produce,13.0,11
431,bakery,19.0,12
432,dairy,25.0,13
433,meat,31.0,14
434,pantry,30.0,15
435,produce,11.0,16
436,bakery,17.0,17
437,dairy,23.0,18
438,meat,29.0,19
439,pantry,35.0,20
440,produce,16.0,1
441,bakery,15.0,2
442,dairy,21.0,3
443,meat,27.0,4
444,pantry,33.0,5
445,produce,14.0,6
446,bakery,20.0,7
447,dairy,26.0,8
448,meat,25.0,9
449,pantry,31.0,10
450,produce,12.0,11
451,bakery,18.0,12
452,dairy,24.0,13
453,meat,30.0,14
454,pantry,36.0,15
455,produce,10.0,16
456,bakery,16.0,17
457,dairy,22.0,18
458,meat,28.0,19
459,pantry,34.0,20
460,produce,15.0,1
461,bakery,21.0,2
462,dairy,20.0,3
463,meat,26.0,4
464,pantry,32.0,5
465,produce,13.0,6
466,bakery,19.0,7
467,dairy,25.0,8
468,meat,31.0,9
469,pantry,30.0,10
470,produce,11.0,11
471,bakery,17.0,12
472,dairy,23.0,13
473,meat,29.0,14
474,pantry,35.0,15
475,produce,16.0,16
476,bakery,15.0,17
477,dairy,21.0,18
478,meat,27.0,19
479,pantry,33.0,20
480,produce,14.0,1
481,bakery,20.0,2
482,dairy,26.0,3
483,meat,25.0,4
484,pantry,31.0,5
485,produce,12.0,6
486,bakery,18.0,7
487,dairy,24.0,8
488,meat,30.0,9
489,pantry,36.0,10
490,produce,10.0,11
491,bakery,16.0,12
492,dairy,22.0,13
493,meat,28.0,14
494,pantry,34.0,15
495,produce,15.0,16
496,bakery,21.0,17
497,dairy,20.0,18
498,meat,26.0,19
499,pantry,32.0,20
500,produce,13.0,1
501,bakery,19.0,2
502,dairy,25.0,3
503,meat,31.0,4
504,pantry,30.0,5
505,produce,11.0,6
506,bakery,17.0,7
507,dairy,23.0,8
508,meat,29.0,9
509,pantry,35.0,10
510,produce,16.0,11
511,bakery,15.0,12
512,dairy,21.0,13
513,meat,27.0,14
514,pantry,33.0,15
515,produce,14.0,16
516,bakery,20.0,17
517,dairy,26.0,18
518,meat,25.0,19
519,pantry,31.0,20
520,produce,12.0,1
521,bakery,18.0,2
522,dairy,24.0,3
523,meat,30.0,4
524,pantry,36.0,5
525,produce,10.0,6
526,bakery,16.0,7
527,dairy,22.0,8
528,meat,28.0,9
529,pantry,34.0,10
530,produce,15.0,11
531,bakery,21.0,12
532,dairy,20.0,13
533,meat,26.0,14
534,pantry,32.0,15
535,produce,13.0,16
536,bakery,19.0,17
537,dairy,25.0,18
538,meat,31.0,19
539,pantry,30.0,20
540,produce,11.0,1
541,bakery,17.0,2
542,dairy,23.0,3
543,meat,29.0,4
544,pantry,35.0,5
545,produce,16.0,6
546,bakery,15.0,7
547,dairy,21.0,8
548,meat,27.0,9
549,pantry,33.0,10
550,produce,14.0,11
551,bakery,20.0,12
552,dairy,26.0,13
553,meat,25.0,14
554,pantry,31.0,15
555,produce,12.0,16
556,bakery,18.0,17
557,dairy,24.0,18
558,meat,30.0,19
559,pantry,36.0,20
560,produce,10.0,1
561,bakery,16.0,2
562,dairy,22.0,3
563,meat,28.0,4
564,pantry,34.0,5
565,produce,15.0,6
566,bakery,21.0,7
567,dairy,20.0,8
568,meat,26.0,9
569,pantry,32.0,10
570,produce,13.0,11
571,bakery,19.0,12
572,dairy,25.0,13
573,meat,31.0,14
574,pantry,30.0,15
575,produce,11.0,16
576,bakery,17.0,17
577,dairy,23.0,18
578,meat,29.0,19
579,pantry,35.0,20
580,produce,16.0,1
581,bakery,15.0,2
582,dairy,21.0,3
583,meat,27.0,4
584,pantry,33.0,5
585,produce,14.0,6
586,bakery,20.0,7
587,dairy,26.0,8
588,meat,25.0,9
589,pantry,31.0,10
590,produce,12.0,11
591,bakery,18.0,12
592,dairy,24.0,13
593,meat,30.0,14
594,pantry,36.0,15
595,produce,10.0,16
596,bakery,16.0,17
597,dairy,22.0,18
598,meat,28.0,19
599,pantry,34.0,20
600,produce,15.0,1
601,bakery,21.0,2
602,dairy,20.0,3
603,meat,26.0,4
604,pantry,32.0,5
605,produce,13.0,6
606,bakery,19.0,7
607,dairy,25.0,8
608,meat,31.0,9
609,pantry,30.0,10
610,produce,11.0,11
611,bakery,17.0,12
612,dairy,23.0,13
613,meat,29.0,14
614,pantry,35.0,15
615,produce,16.0,16
616,bakery,15.0,17
617,dairy,21.0,18
618,meat,27.0,19
619,pantry,33.0,20
620,produce,14.0,1
621,bakery,20.0,2
622,dairy,26.0,3
623,meat,25.0,4
624,pantry,31.0,5
625,produce,12.0,6
626,bakery,18.0,7
627,dairy,24.0,8
628,meat,30.0,9
629,pantry,36.0,10
630,produce,10.0,11
631,bakery,16.0,12
632,dairy,22.0,13
633,meat,28.0,14
634,pantry,34.0,15
635,produce,15.0,16
636,bakery,21.0,17
637,dairy,20.0,18
638,meat,26.0,19
639,pantry,32.0,20
640,produce,13.0,1
641,bakery,19.0,2
642,dairy,25.0,3
643,meat,31.0,4
644,pantry,30.0,5
645,produce,11.0,6
646,bakery,17.0,7
647,dairy,23.0,8
648,meat,29.0,9
649,pantry,35.0,10
650,produce,16.0,11
651,bakery,15.0,12
652,dairy,21.0,13
653,meat,27.0,14
654,pantry,33.0,15
655,produce,14.0,16
656,bakery,20.0,17
657,dairy,26.0,18
658,meat,25.0,19
659,pantry,31.0,20
660,produce,12.0,1
661,bakery,18.0,2
662,dairy,24.0,3
663,meat,30.0,4
664,pantry,36.0,5
665,produce,10.0,6
666,bakery,16.0,7
667,dairy,22.0,8
668,meat,28.0,9
669,pantry,34.0,10
670,produce,15.0,11
671,bakery,21.0,12
672,dairy,20.0,13
673,meat,26.0,14
674,pantry,32.0,15
675,produce,13.0,16
676,bakery,19.0,17
677,dairy,25.0,18
678,meat,31.0,19
679,pantry,30.0,20
680,produce,11.0,1
681,bakery,17.0,2
682,dairy,23.0,3
683,meat,29.0,4
684,pantry,35.0,5
685,produce,16.0,6
686,bakery,15.0,7
687,dairy,21.0,8
688,meat,27.0,9
689,pantry,33.0,10
690,produce,14.0,11
691,bakery,20.0,12
692,dairy,26.0,13
693,meat,25.0,14
694,pantry,31.0,15
695,produce,12.0,16
696,bakery,18.0,17
697,dairy,24.0,18
698,meat,30.0,19
699,pantry,36.0,20
700,produce,10.0,1
701,bakery,16.0,2
702,dairy,22.0,3
703,meat,28.0,4
704,pantry,34.0,5
705,produce,15.0,6
706,bakery,21.0,7
707,dairy,20.0,8
708,meat,26.0,9
709,pantry,32.0,10
710,produce,13.0,11
711,bakery,19.0,12
712,dairy,25.0,13
713,meat,31.0,14
714,pantry,30.0,15
715,produce,11.0,16
716,bakery,17.0,17
717,dairy,23.0,18
718,meat,29.0,19
719,pantry,35.0,20
720,produce,16.0,1
721,bakery,15.0,2
722,dairy,21.0,3
723,meat,27.0,4
724,pantry,33.0,5
725,produce,14.0,6
726,bakery,20.0,7
727,dairy,26.0,8
728,meat,25.0,9
729,pantry,31.0,10
730,produce,12.0,11
731,bakery,18.0,12
732,dairy,24.0,13
733,meat,30.0,14
734,pantry,36.0,15
735,produce,10.0,16
736,bakery,16.0,17
737,dairy,22.0,18
738,meat,28.0,19
739,pantry,34.0,20
740,produce,15.0,1
741,bakery,21.0,2
742,dairy,20.0,3
743,meat,26.0,4
744,pantry,32.0,5
745,produce,13.0,6
746,bakery,19.0,7
747,dairy,25.0,8
748,meat,31.0,9
749,pantry,30.0,10
750,produce,11.0,11
751,bakery,17.0,12
752,dairy,23.0,13
753,meat,29.0,14
754,pantry,35.0,15
755,produce,16.0,16
756,bakery,15.0,17
757,dairy,21.0,18
758,meat,27.0,19
759,pantry,33.0,20
760,produce,14.0,1
761,bakery,20.0,2
762,dairy,26.0,3
763,meat,25.0,4
764,pantry,31.0,5
765,produce,12.0,6
766,bakery,18.0,7
767,dairy,24.0,8
768,meat,30.0,9
769,pantry,36.0,10
770,produce,10.0,11
771,bakery,16.0,12
772,dairy,22.0,13
773,meat,28.0,14
774,pantry,34.0,15
775,produce,15.0,16
776,bakery,21.0,17
777,dairy,20.0,18
778,meat,26.0,19
779,pantry,32.0,20
780,produce,13.0,1
781,bakery,19.0,2
782,dairy,25.0,3
783,meat,31.0,4
784,pantry,30.0,5
785,produce,11.0,6
786,bakery,17.0,7
787,dairy,23.0,8
788,meat,29.0,9
789,pantry,35.0,10
790,produce,16.0,11
791,bakery,15.0,12
792,dairy,21.0,13
793,meat,27.0,14
794,pantry,33.0,15
795,produce,14.0,16
796,bakery,20.0,17
797,dairy,26.0,18
798,meat,25.0,19
799,pantry,31.0,20
800,produce,12.0,1
801,bakery,18.0,2
802,dairy,24.0,3
803,meat,30.0,4
804,pantry,36.0,5
805,produce,10.0,6
806,bakery,16.0,7
807,dairy,22.0,8
808,meat,28.0,9
809,pantry,34.0,10
810,produce,15.0,11
811,bakery,21.0,12
812,dairy,20.0,13
813,meat,26.0,14
814,pantry,32.0,15
815,produce,13.0,16
816,bakery,19.0,17
817,dairy,25.0,18
818,meat,31.0,19
819,pantry,30.0,20
820,produce,11.0,1
821,bakery,17.0,2
822,dairy,23.0,3
823,meat,29.0,4
824,pantry,35.0,5
825,produce,16.0,6
826,bakery,15.0,7
827,dairy,21.0,8
828,meat,27.0,9
829,pantry,33.0,10
830,produce,14.0,11
831,bakery,20.0,12
832,dairy,26.0,13
833,meat,25.0,14
834,pantry,31.0,15
835,produce,12.0,16
836,bakery,18.0,17
837,dairy,24.0,18
838,meat,30.0,19
839,pantry,36.0,20
840,produce,10.0,1
841,bakery,16.0,2
842,dairy,22.0,3
843,meat,28.0,4
844,pantry,34.0,5
845,produce,15.0,6
846,bakery,21.0,7
847,dairy,20.0,8
848,meat,26.0,9
849,pantry,32.0,10
850,produce,13.0,11
851,bakery,19.0,12
852,dairy,25.0,13
853,meat,31.0,14
854,pantry,30.0,15
855,produce,11.0,16
856,bakery,17.0,17
857,dairy,23.0,18
858,meat,29.0,19
859,pantry,35.0,20
860,produce,16.0,1
861,bakery,15.0,2
862,dairy,21.0,3
863,meat,27.0,4
864,pantry,33.0,5
865,produce,14.0,6
866,bakery,20.0,7
867,dairy,26.0,8
868,meat,25.0,9
869,pantry,31.0,10
870,produce,12.0,11
871,bakery,18.0,12
872,dairy,24.0,13
873,meat,30.0,14
874,pantry,36.0,15
875,produce,10.0,16
876,bakery,16.0,17
877,dairy,22.0,18
878,meat,28.0,19
879,pantry,34.0,20
880,produce,15.0,1
881,bakery,21.0,2
882,dairy,20.0,3
883,meat,26.0,4
884,pantry,32.0,5
885,produce,13.0,6
886,bakery,19.0,7
887,dairy,25.0,8
888,meat,31.0,9
889,pantry,30.0,10
890,produce,11.0,11
891,bakery,17.0,12
892,dairy,23.0,13
893,meat,29.0,14
894,pantry,35.0,15
895,produce,16.0,16
896,bakery,15.0,17
897,dairy,21.0,18
898,meat,27.0,19
899,pantry,33.0,20
900,produce,14.0,1
901,bakery,20.0,2
902,dairy,26.0,3
903,meat,25.0,4
904,pantry,31.0,5
905,produce,12.0,6
906,bakery,18.0,7
907,dairy,24.0,8
908,meat,30.0,9
909,pantry,36.0,10
910,produce,10.0,11
911,bakery,16.0,12
912,dairy,22.0,13
913,meat,28.0,14
914,pantry,34.0,15
915,produce,15.0,16
916,bakery,21.0,17
917,dairy,20.0,18
918,meat,26.0,19
919,pantry,32.0,20
920,produce,13.0,1
921,bakery,19.0,2
922,dairy,25.0,3
923,meat,31.0,4
924,pantry,30.0,5
925,produce,11.0,6
926,bakery,17.0,7
927,dairy,23.0,8
928,meat,29.0,9
929,pantry,35.0,10
930,produce,16.0,11
931,bakery,15.0,12
932,dairy,21.0,13
933,meat,27.0,14
934,pantry,33.0,15
935,produce,14.0,16
936,bakery,20.0,17
937,dairy,26.0,18
938,meat,25.0,19
939,pantry,31.0,20
940,produce,12.0,1
941,bakery,18.0,2
942,dairy,24.0,3
943,meat,30.0,4
944,pantry,36.0,5
945,produce,10.0,6
946,bakery,16.0,7
947,dairy,22.0,8
948,meat,28.0,9
949,pantry,34.0,10
950,produce,15.0,11
951,bakery,21.0,12
952,dairy,20.0,13
953,meat,26.0,14
954,pantry,32.0,15
955,produce,13.0,16
956,bakery,19.0,17
957,dairy,25.0,18
958,meat,31.0,19
959,pantry,30.0,20
960,produce,11.0,1
961,bakery,17.0,2
962,dairy,23.0,3
963,meat,29.0,4
964,pantry,35.0,5
965,produce,16.0,6
966,bakery,15.0,7
967,dairy,21.0,8
968,meat,27.0,9
969,pantry,33.0,10
970,produce,14.0,11
971,bakery,20.0,12
972,dairy,26.0,13
973,meat,25.0,14
974,pantry,31.0,15
975,produce,12.0,16
976,bakery,18.0,17
977,dairy,24.0,18
978,meat,30.0,19
979,pantry,36.0,20
980,produce,10.0,1
981,bakery,16.0,2
982,dairy,22.0,3
983,meat,28.0,4
984,pantry,34.0,5
985,produce,15.0,6
986,bakery,21.0,7
987,dairy,20.0,8
988,meat,26.0,9
989,pantry,32.0,10
990,produce,13.0,11
991,bakery,19.0,12
992,dairy,25.0,13
993,meat,31.0,14
994,pantry,30.0,15
995,produce,11.0,16
996,bakery,17.0,17
997,dairy,23.0,18
998,meat,29.0,19
999,pantry,35.0,20
